[
    {
        "id_book" : 1,
        "id_author" : 1
    },

    {
        "id_book" : 2,
        "id_author" : 1
    },
    
    {
        "id_book" : 3,
        "id_author" : 1
    },
    
    {
        "id_book" : 4,
        "id_author" : 3
    },
    
    {
        "id_book" : 5,
        "id_author" : 4
    },
    
    {
        "id_book" : 6,
        "id_author" : 2
    },
    
    {
        "id_book" : 7,
        "id_author" : 2
    },
    
    {
        "id_book" : 8,
        "id_author" : 2
    },
    
    {
        "id_book" : 9,
        "id_author" : 2
    },
    
    {
        "id_book" : 10,
        "id_author" : 8
    },
    
    {
        "id_book" : 10,
        "id_author" : 5
    },
    
    {
        "id_book" : 11,
        "id_author" : 9
    },
    
    {
        "id_book" : 12,
        "id_author" : 7
    },
    
    {
        "id_book" : 13,
        "id_author" : 7
    },
    
    {
        "id_book" : 14,
        "id_author" : 6
    },
    
    {
        "id_book" : 15,
        "id_author" : 6
    },
        
    {
        "id_book" : 16,
        "id_author" : 6
    }
    
]